{"Puerto Rico": 13.268779421654234, "Mississippi": 7.311521357138105, "Texas": 6.03508376948032, "Oklahoma": 5.972350850225663, "Alabama": 4.730143058017873, "Tennessee": 4.449661774595398, "Iowa": 3.7307359433933627, "North Dakota": 3.347483125357936, "Indiana": 3.343779421654233, "North Carolina": 3.097112754987563, "Kentucky": 2.969705347580149, "Louisiana": 2.664469076826645, "Nebraska": 2.126388117306405, "Missouri": 2.0760374861703568, "Connecticut": 1.921904421654233, "Rhode Island": 1.8901208850688782, "Arkansas": 1.858065135939949, "Kansas": 1.800301160784663, "Guam": 1.712529421654235, "South Dakota": 1.4472276975163005, "New York": 1.296160374035182, "West Virginia": 0.9322409601157666, "Illinois": 0.8298905327653472, "Pennsylvania": 0.7207024985773067, "South Carolina": 0.6473508502256635, "Delaware": 0.5920552837232016, "Georgia": 0.41044608832090645, "Ohio": 0.24377942165423505, "New Jersey": 0.14377942165423008, "Virginia": 0.07454865242346642, "Virgin Islands": 0.04377942165423221, "Maryland": -0.07545134757653571, "District of Columbia": -0.2995539116791015, "Nevada": -0.49258421470941016, "National": -0.8795539116790998, "Arizona": -0.881220578345765, "Massachusetts": -1.1062205783457735, "Michigan": -1.1265909487161458, "Minnesota": -1.2228872450124335, "Utah": -1.4862205783457618, "Florida": -2.392584214709405, "Wyoming": -2.569264056606638, "Idaho": -2.976808813639888, "New Hampshire": -3.449553911679107, "Washington": -3.5607660328912196, "New Mexico": -3.7312205783457593, "Maine": -4.172220578345776, "Wisconsin": -4.227649149774333, "Hawaii": -5.621220578345767, "Oregon": -6.0501599722851545, "Alaska": -6.106220578345759, "California": -6.151458673583864, "Colorado": -6.29852827065346, "Vermont": -6.49083596296116, "Montana": -7.042887245012441}