{"Puerto Rico": 10.295368550368611, "Mississippi": 4.698745173745234, "West Virginia": 4.4711261261261885, "Tennessee": 4.468975588491777, "Kentucky": 4.372880512091102, "Louisiana": 3.6616023166023766, "Oklahoma": 3.6358880308880934, "Alabama": 3.462035217035279, "Indiana": 2.897316602316664, "Kansas": 2.5408230958231535, "North Dakota": 2.3477927927928555, "Arkansas": 2.173424976700904, "Iowa": 2.041496496496567, "Missouri": 1.694459459459523, "Ohio": 1.2947820401046783, "Texas": 1.2929209979210583, "South Dakota": 1.019844074844137, "National": 0.2866023166023801, "New York": 0.2689755884917808, "North Carolina": 0.2659979209979788, "South Carolina": 0.26506552006558337, "Pennsylvania": 0.1583056133056715, "Maine": 0.0632829888712827, "Nebraska": -0.08601673101667018, "Maryland": -0.10294794794788587, "Delaware": -0.1682678132677502, "New Jersey": -0.49887387387380855, "Nevada": -0.5890889276372526, "Virginia": -0.6471534437662854, "District of Columbia": -0.7032328482327834, "Michigan": -0.7573052464228347, "Connecticut": -0.7915405405404812, "Idaho": -0.9642905405404782, "Georgia": -0.9773587223586588, "Minnesota": -1.0235405405404805, "New Hampshire": -1.2300232991611644, "Rhode Island": -1.3546314496313911, "Massachusetts": -1.3984817170110624, "Illinois": -1.4763097713097082, "Vermont": -1.5997072072071425, "Florida": -1.820540540540481, "Washington": -1.880155925155865, "Guam": -1.9000859950859308, "Wisconsin": -2.1029479479478894, "Utah": -2.1763097713097075, "Oregon": -2.345540540540476, "New Mexico": -2.602683397683336, "Arizona": -2.9409950859950236, "Wyoming": -3.072463617463555, "Hawaii": -3.206066856329951, "California": -3.434250217959839, "Montana": -3.50766175266169, "Alaska": -4.514588159588094, "Colorado": -5.072463617463555}