{"Puerto Rico": 12.488918032787026, "Mississippi": 7.285584699453715, "Tennessee": 6.982992106861111, "Alabama": 6.405346604215602, "Oklahoma": 6.053745618993936, "Indiana": 5.431994955863971, "Louisiana": 5.178615002484008, "Guam": 4.822251366120362, "North Dakota": 4.293533417402422, "Arkansas": 4.266493790362794, "Georgia": 3.7089180327870324, "Rhode Island": 3.557305129561236, "Texas": 3.5459550698240676, "Kentucky": 3.2329180327870404, "New York": 2.7630846994537066, "Kansas": 2.6895631940773583, "Iowa": 2.0871789023522567, "Maryland": 1.9858411097101154, "North Carolina": 1.8682930327870224, "South Carolina": 1.8324474445517467, "Pennsylvania": 1.6466958105648075, "Ohio": 1.5350049893087743, "South Dakota": 1.281994955863965, "National": 1.2767751756441825, "West Virginia": 1.1129180327870358, "New Jersey": 0.9139180327870378, "Missouri": 0.8851085089775168, "Virginia": 0.8722513661203593, "Nebraska": 0.6089180327870309, "Wyoming": 0.3089180327870267, "Illinois": 0.06491803278703401, "Delaware": 0.06076988463889421, "Virgin Islands": 0.008918032787036623, "Connecticut": -0.16965339578440108, "Michigan": -0.7254569672129492, "Nevada": -1.0026204287514346, "District of Columbia": -1.0680050441360507, "Massachusetts": -1.188051664182666, "Minnesota": -1.3383041894351848, "Florida": -1.629013001695725, "Arizona": -1.7966375227685347, "Maine": -2.6377486338796317, "New Hampshire": -2.7725634486944486, "Utah": -2.8304759066068925, "Montana": -5.200172876303867, "Washington": -5.203985193019406, "Wisconsin": -5.295627421758418, "Alaska": -5.488051664182663, "New Mexico": -5.972563448694444, "California": -6.011670202507105, "Hawaii": -6.951081967212964, "Colorado": -6.965367681498677, "Oregon": -7.391081967212941, "Vermont": -7.671727128503285, "Idaho": -7.9444153005462965}