{"District of Columbia": 3.735886415833537, "Missouri": 1.7200748486693556, "Arkansas": 1.4876001255109585, "Kentucky": 1.4111196247887605, "Vermont": 1.3645795976517192, "Louisiana": 1.303451071005938, "Ohio": 1.2252271692582042, "South Carolina": 1.2236705067426286, "Virgin Islands": 1.1858864158335365, "Illinois": 0.9608864158335422, "Indiana": 0.8957484288205251, "Michigan": 0.7454120182431581, "West Virginia": 0.6216503047224364, "Iowa": 0.5182044538082167, "Washington": 0.5143403632019599, "Hawaii": 0.47807391583352654, "Kansas": 0.4265114158335379, "Oklahoma": 0.42442808250019937, "Tennessee": 0.37330195637408536, "Oregon": 0.3405739158335379, "Alabama": 0.3275890020404333, "Wisconsin": 0.32733972908654607, "Utah": 0.2876794486204304, "Florida": 0.20942808250020306, "Georgia": 0.18149559304871588, "Mississippi": 0.16713641583353933, "Maine": 0.16663238357546817, "Texas": 0.10583833891045913, "North Carolina": 0.10512983688617084, "Virginia": 0.023937886421762755, "Guam": -0.0026931296210079836, "Maryland": -0.04563364589485985, "Pennsylvania": -0.060786971263233625, "Massachusetts": -0.13755108416646067, "Delaware": -0.19108473801261994, "Colorado": -0.30260443782500346, "New Hampshire": -0.3613944283223063, "New York": -0.37723858416646294, "North Dakota": -0.4089052508331221, "National": -0.6031760841664706, "Rhode Island": -0.696026462954336, "Idaho": -0.7081476750755513, "South Dakota": -0.7128907580795101, "Arizona": -0.9219260841664791, "Wyoming": -1.0341399926171633, "Minnesota": -1.0630012960308761, "Nebraska": -1.2086671555950304, "California": -1.241828748100886, "Connecticut": -1.271524298452185, "New Mexico": -1.380730647658524, "Alaska": -1.4200163619442492, "New Jersey": -1.5978355990918303, "Montana": -1.695499453731685, "Nevada": -1.8755719174997978, "Puerto Rico": -2.503602220530091}