{"Puerto Rico": 16.141469471224205, "West Virginia": 6.878661589450807, "Oklahoma": 4.989271669026397, "Arkansas": 4.593117822872557, "Alabama": 4.298612328367064, "Louisiana": 3.513980293735031, "Mississippi": 3.4414694712242095, "Tennessee": 2.992040899795633, "Missouri": 2.810040899795638, "Iowa": 2.040629135089752, "Kansas": 1.979415899795633, "Kentucky": 1.9385594183141528, "New Jersey": 1.8512908997956288, "Texas": 1.1117075664622966, "North Dakota": 0.907919687674422, "National": 0.9015223812771147, "Massachusetts": 0.5793001590548954, "Vermont": 0.23670756646230373, "Indiana": 0.1685257482804836, "Maine": 0.10892978868452019, "Rhode Island": 0.034855714610451116, "Virgin Islands": 0.020040899795631617, "North Carolina": -0.02512039052694348, "Nebraska": -0.05032947057473436, "Connecticut": -0.1332924335376937, "South Dakota": -0.15424481449008454, "South Carolina": -0.19195910020436457, "Maryland": -0.20117122141648736, "Oregon": -0.3249591002043637, "Pennsylvania": -0.34534371558897803, "Wyoming": -0.3993139389140339, "Montana": -0.5412494227850111, "Wisconsin": -0.7184206386659113, "Virginia": -0.8190895349869685, "Florida": -0.8286077488530168, "Ohio": -0.9549591002043663, "Idaho": -1.083407376066429, "New Hampshire": -1.1359591002043636, "Delaware": -1.3495243175956695, "Georgia": -1.3509268421398524, "Nevada": -1.3728162430615107, "Michigan": -1.5479591002043627, "New York": -1.9323400525853138, "Illinois": -1.9549591002043663, "Alaska": -2.0718509920962553, "Washington": -2.345476341583673, "Hawaii": -2.3843069262913197, "Minnesota": -2.5561495763948336, "Arizona": -3.4058850261302887, "California": -3.850792433537695, "New Mexico": -4.007959100204356, "Utah": -4.108530528775791, "District of Columbia": -4.214574484819746, "Colorado": -6.034125766871025, "Guam": -7.373292433537696}