{"Colorado": 6.273443678161005, "Oregon": 4.6839459612660335, "California": 4.569095852074046, "Washington": 4.388721455938789, "Utah": 4.354172844827676, "District of Columbia": 4.0418960591133875, "Alaska": 3.8385478448276658, "Vermont": 3.8268750507100364, "Hawaii": 3.8031872679045904, "Montana": 3.3072336324989067, "New Hampshire": 3.2307770114943395, "Minnesota": 2.902231556948877, "Wisconsin": 2.7265968313141578, "Idaho": 2.6591579638752876, "South Dakota": 2.1842661889835213, "Maine": 1.7043960591133853, "New Mexico": 1.5173830721003974, "Virginia": 1.2480468527641726, "Illinois": 1.1072532019705221, "Connecticut": 0.9968671015844315, "Massachusetts": 0.8265968313141627, "Nebraska": 0.795806547359323, "Maryland": 0.5684685537828997, "Wyoming": 0.5433890333522697, "Arizona": 0.4992012539185815, "Michigan": 0.49833819292894077, "Pennsylvania": 0.4968267627381273, "North Carolina": 0.3909039956213256, "Nevada": 0.15907586206904867, "Kansas": -0.30488965517232103, "Florida": -0.3571499291449278, "Iowa": -0.5809422867512772, "Rhode Island": -0.6029931034481812, "Virgin Islands": -0.6148896551723304, "National": -0.6261396551723344, "New York": -1.159889655172318, "Georgia": -1.5148896551723183, "South Carolina": -1.5506791288565331, "North Dakota": -2.16150255839813, "Texas": -2.2516929338608485, "Guam": -2.494773376102554, "Delaware": -2.5429665782492563, "Indiana": -2.5956039408866154, "West Virginia": -2.7598896551723193, "Tennessee": -2.7721703569267113, "Oklahoma": -3.0807229885056557, "Ohio": -3.1460007662834393, "Missouri": -3.389740401440985, "New Jersey": -3.7413182266008853, "Louisiana": -3.90448424976692, "Alabama": -4.25238965517234, "Mississippi": -4.489467119961052, "Arkansas": -4.961584570426556, "Kentucky": -5.3880586692568215, "Puerto Rico": -14.987389655172318}