{"Maine": 6.5467558697298855, "Vermont": 5.360124853687108, "New Hampshire": 4.466690510252768, "Massachusetts": 3.752246065808311, "Georgia": 3.74087351678871, "South Dakota": 3.41669051025276, "Montana": 2.988188094793827, "District of Columbia": 2.9748101683724215, "Oregon": 2.9389127324749857, "Florida": 2.8055793991416493, "Michigan": 1.955579399141648, "Wyoming": 1.7825024760647246, "Idaho": 1.6789127324749806, "North Carolina": 1.5666905102527622, "South Carolina": 1.5055793991416486, "West Virginia": 1.3522460658083162, "New York": 1.1805793991416529, "Washington": 1.1692157627780162, "Kentucky": 1.0555793991416529, "National": 1.0055793991416522, "Missouri": 0.9805793991416536, "Tennessee": 0.98057939914165, "Kansas": 0.9627222562845077, "California": 0.7778016213638708, "Colorado": 0.6978870914493456, "Virginia": 0.35891273247498034, "New Jersey": 0.3510339445961925, "Maryland": 0.25263822267106306, "Alaska": 0.1989127324749873, "Nebraska": 0.07514461653295612, "Texas": 0.034150827713080645, "Ohio": -0.05912648321129055, "Pennsylvania": -0.061087267525014255, "Minnesota": -0.13442060085835195, "Oklahoma": -0.14025393419167997, "Utah": -0.47134367778142305, "Alabama": -0.5444206008583485, "Hawaii": -0.5444206008583485, "Delaware": -0.7238323655642311, "Illinois": -0.764420600858351, "Rhode Island": -0.9877539341916801, "Arkansas": -1.117497523935274, "North Dakota": -1.135329691767435, "Arizona": -1.3055317119694614, "Connecticut": -1.4174975239352712, "Iowa": -1.5444206008583556, "Mississippi": -1.5777539341916835, "Wisconsin": -1.780134886572636, "Indiana": -2.5136513700891214, "Nevada": -2.6944206008583436, "Louisiana": -3.100670600858347, "New Mexico": -3.1301348865726304, "Guam": -5.3515634580012055, "Virgin Islands": -5.858706315144058, "Puerto Rico": -18.48442060085835}