{"Colorado": 7.9383780971060105, "New Jersey": 5.558020954248867, "District of Columbia": 5.468378097106001, "Massachusetts": 4.811122458008263, "California": 4.195290539502327, "Hawaii": 3.9750844463123514, "New York": 3.411299205848014, "Florida": 3.408707767435672, "Utah": 3.282409408260609, "Rhode Island": 2.984806668534574, "Montana": 2.622663811391714, "Connecticut": 2.5785566685345707, "Vermont": 2.463905029190311, "Nevada": 2.1188975776254892, "Wyoming": 1.7538744651447509, "Oregon": 1.5572642956532086, "New Hampshire": 1.244941803669711, "Minnesota": 1.1769708476390512, "Alaska": 1.1436528223807265, "Illinois": 0.8804963237069892, "Washington": 0.8576939924782501, "Maryland": 0.6364733352012379, "Maine": 0.3787721857759543, "Arizona": 0.32622457898234103, "National": 0.3098066685345735, "Pennsylvania": 0.30345746218537073, "Virginia": 0.23683369556160017, "New Mexico": 0.0530499117778227, "Idaho": -0.039424100696198394, "Nebraska": -0.11327025454234274, "Delaware": -0.12004407773407877, "Puerto Rico": -0.3317317930038861, "Texas": -0.419503676293008, "Georgia": -0.458447299719392, "Guam": -0.8538296951017941, "North Carolina": -1.193472019990022, "Virgin Islands": -1.7417084829805738, "North Dakota": -2.2517317930038807, "South Dakota": -2.307526664798761, "Wisconsin": -2.3328162822850906, "Iowa": -2.4629206041927, "Missouri": -2.663327659823633, "Ohio": -2.6901933314654194, "Kansas": -2.8051933314654214, "South Carolina": -3.1170590031072187, "Indiana": -3.242045183317277, "Kentucky": -3.2963471776192783, "Michigan": -3.3647031353869927, "Tennessee": -3.503829695101782, "Oklahoma": -3.9685266647987625, "Alabama": -4.112859998132098, "Arkansas": -4.415869007141101, "Louisiana": -5.256390514564014, "Mississippi": -5.497137775909874, "West Virginia": -5.790193331465435}