{"Vermont": 5.305303649237501, "Massachusetts": 5.27942129629632, "Connecticut": 4.422498219373246, "District of Columbia": 4.337516534391561, "Rhode Island": 4.2827546296296575, "Maryland": 4.266087962962992, "Maine": 4.264421296296327, "New Hampshire": 4.261326058201078, "Utah": 3.6494212962963175, "New Jersey": 3.492754629629651, "New York": 2.9637070105820342, "Florida": 2.9494212962963218, "Minnesota": 2.566087962962982, "California": 2.5229507080610247, "Illinois": 2.2869212962963275, "Colorado": 2.188310185185209, "Wisconsin": 1.6917289886040194, "Delaware": 1.5556712962963246, "North Dakota": 1.1744212962963232, "Pennsylvania": 1.0927546296296526, "National": 0.9327546296296632, "Oregon": 0.9310002436647409, "Iowa": 0.8130576599326886, "Hawaii": 0.6935389433551506, "Arizona": 0.4046844541910559, "Michigan": 0.2582448257080898, "Virginia": 0.22442129629631324, "Washington": -0.13391203703702104, "Montana": -0.24057870370367596, "Idaho": -0.2551241582491315, "Georgia": -0.3805787037036765, "Texas": -0.42365562678060087, "Kansas": -0.43629298941796435, "Alaska": -0.500578703703674, "South Dakota": -0.685194088319065, "North Carolina": -0.8805787037036765, "Virgin Islands": -1.000578703703681, "Nebraska": -1.3339120370370097, "New Mexico": -1.3561342592592425, "Ohio": -1.3880787037036768, "Wyoming": -2.235872821350732, "Tennessee": -2.250578703703674, "Missouri": -2.3950231481481197, "Indiana": -2.9894675925925753, "South Carolina": -3.000578703703674, "Kentucky": -3.3005787037036782, "Guam": -3.656828703703674, "Nevada": -3.7362929894179686, "Arkansas": -4.032157651072097, "Alabama": -4.375578703703681, "West Virginia": -5.47057870370368, "Mississippi": -5.617245370370341, "Oklahoma": -5.755124158249139, "Louisiana": -6.469328703703674, "Puerto Rico": -9.717245370370343}